577.471,578.188,580.873,585.19,591.623,600.055,609.753,620.84,634.991,650.83,669.251,688.658,705.789,705.789,688.658,669.251,650.83,634.991,620.84,609.753,600.055,591.623,585.19,580.873,578.188,577.471,578.21,580.916,585.254,591.705,600.153,609.865,620.966,635.134,650.998,669.453,688.936,708.897,708.897,688.936,669.453,650.998,635.134,620.966,609.865,600.153,591.705,585.254,580.916,578.21,577.471,578.188,580.873,585.19,591.623,600.055,609.753,620.84,634.991,650.83,669.251,688.658,705.789,705.789,688.658,669.251,650.83,634.991,620.84,609.753,600.055,591.623,585.19,580.873,578.188,577.471,578.21,580.916,585.254,591.705,600.153,609.865,620.966,635.134,650.998,669.453,688.936,708.897,708.897,688.936,669.453,650.998,635.134,620.966,609.865,600.153,591.705,585.254,580.916,578.21
577.134,577.958,580.538,584.957,591.115,598.408,609.258,621.298,635.077,650.154,668.926,688.214,704.379,704.379,688.214,668.926,650.154,635.077,621.298,609.258,598.408,591.115,584.957,580.538,577.958,577.134,578.008,580.641,585.115,591.335,598.857,609.549,621.646,634.885,651.236,668.926,689.563,708.969,709.001,688.847,669.379,650.552,635.437,621.63,609.575,598.707,591.396,585.214,580.772,578.169,577.322,578.175,580.789,585.245,591.452,598.96,609.643,621.728,634.957,651.3,668.973,689.572,707.386,707.386,689.572,668.973,651.3,634.957,621.728,609.643,598.96,591.452,585.245,580.789,578.175,577.322,578.169,580.772,585.214,591.396,598.707,609.575,621.63,635.437,650.552,669.379,688.847,709.001,708.969,689.563,668.926,651.236,634.885,621.646,609.549,598.857,591.335,585.115,580.641,578.008
576.796,577.674,580.247,584.737,590.794,599.471,608.521,620.889,634.446,650.124,668.083,688.102,702.006,702.006,688.102,668.083,650.124,634.446,620.889,608.521,599.471,590.794,584.737,580.247,577.674,576.796,577.753,580.409,584.978,591.141,599.884,609.367,621.23,634.755,651.1,668.46,689.783,708.234,708.328,689.352,668.786,650.754,635.037,621.45,609.046,599.972,591.267,585.187,580.671,578.074,577.172,578.109,580.746,585.302,591.452,600.191,609.668,621.538,635.059,651.398,668.752,690.07,708.361,708.361,690.07,668.752,651.398,635.059,621.538,609.668,600.191,591.452,585.302,580.746,578.109,577.172,578.074,580.671,585.187,591.267,599.972,609.046,621.45,635.037,650.754,668.786,689.352,708.328,708.234,689.783,668.46,651.1,634.755,621.23,609.367,599.884,591.141,584.978,580.409,577.753
576.458,577.347,579.995,584.354,590.663,597.692,608.217,619.747,633.749,649.897,667.133,687.428,699.173,699.173,687.428,667.133,649.897,633.749,619.747,608.217,597.692,590.663,584.354,579.995,577.347,576.458,577.456,580.212,584.69,591.11,598.255,608.875,620.666,634.657,650.63,668.581,689.046,707.14,707.203,689.293,668.084,650.758,634.552,620.51,608.948,598.392,591.335,584.997,580.61,577.935,577.023,578,580.741,585.206,591.62,598.76,609.383,621.174,635.174,651.158,669.12,689.61,708.985,708.985,689.61,669.12,651.158,635.174,621.174,609.383,598.76,591.62,585.206,580.741,578,577.023,577.935,580.61,584.997,591.335,598.392,608.948,620.51,634.552,650.758,668.084,689.293,707.203,707.14,689.046,668.581,650.63,634.657,620.666,608.875,598.255,591.11,584.69,580.212,577.456
576.121,576.98,579.581,583.91,589.934,598.61,607.671,619.98,633.134,649.278,666.699,685.822,695.985,695.985,685.822,666.699,649.278,633.134,619.98,607.671,598.61,589.934,583.91,579.581,576.98,576.121,577.118,579.862,584.332,590.483,599.307,608.192,621.055,634.683,649.86,668.55,687.971,705.444,705.63,688.309,667.899,650.375,634.16,620.956,608.609,599.514,590.803,584.746,580.387,577.757,576.873,577.851,580.582,585.042,591.191,600.018,608.906,621.778,635.421,650.62,669.338,688.821,708.912,708.912,688.821,669.338,650.62,635.421,621.778,608.906,600.018,591.191,585.042,580.582,577.851,576.873,577.757,580.387,584.746,590.803,599.514,608.609,620.956,634.16,650.375,667.899,688.309,705.63,705.444,687.971,668.55,649.86,634.683,621.055,608.192,599.307,590.483,584.332,579.862,577.118
575.783,576.572,579.089,583.427,589.571,596.873,607.233,619.033,632.411,648.346,666.36,683.895,693.172,693.172,683.895,666.36,648.346,632.411,619.033,607.233,596.873,589.571,583.427,579.089,576.572,575.783,576.74,579.425,583.934,590.271,597.581,608.258,620.154,634.043,649.572,668.049,687.447,703.813,703.854,687.083,667.813,649.675,633.666,620.232,608.378,597.973,590.635,584.456,580.084,577.538,576.724,577.662,580.335,584.838,591.173,598.488,609.182,621.101,635.01,650.562,669.087,688.659,708.707,708.707,688.659,669.087,650.562,635.01,621.101,609.182,598.488,591.173,584.838,580.335,577.662,576.724,577.538,580.084,584.456,590.635,597.973,608.378,620.232,633.666,649.675,667.813,687.083,703.854,703.813,687.447,668.049,649.572,634.043,620.154,608.258,597.581,590.271,583.934,579.425,576.74
575.446,576.112,578.612,582.883,589.151,597.438,606.882,618.08,632.089,647.105,665.681,682.256,690.168,690.168,682.256,665.681,647.105,632.089,618.08,606.882,597.438,589.151,582.883,578.612,576.112,575.446,576.307,578.991,583.467,589.964,598.45,608.07,619.467,633.239,649.394,667.136,687.197,701.538,701.863,686.414,667.394,648.666,633.554,619.477,608.234,598.746,590.413,584.105,579.797,577.267,576.575,577.419,580.091,584.565,591.065,599.565,609.2,620.612,634.416,650.616,668.426,689.034,708.14,708.14,689.034,668.426,650.616,634.416,620.612,609.2,599.565,591.065,584.565,580.091,577.419,576.575,577.267,579.797,584.105,590.413,598.746,608.234,619.477,633.554,648.666,667.394,686.414,701.863,701.538,687.197,667.136,649.394,633.239,619.467,608.07,598.45,589.964,583.467,578.991,576.307
574.838,575.554,578.132,582.388,588.216,595.359,605.996,617.995,631.345,646.46,664.22,680.923,686.253,686.253,680.923,664.22,646.46,631.345,617.995,605.996,595.359,588.216,582.388,578.132,575.554,574.838,575.777,578.588,583.079,589.189,596.763,607.421,619.537,632.625,648.825,666.032,686.352,698.647,698.976,686.046,666.189,648.254,633.038,619.614,607.554,596.86,589.675,583.803,579.508,576.897,576.156,577.077,579.88,584.371,590.489,598.072,608.757,620.904,634.028,650.28,667.568,688.811,706.971,706.971,688.811,667.568,650.28,634.028,620.904,608.757,598.072,590.489,584.371,579.88,577.077,576.156,576.897,579.508,583.803,589.675,596.86,607.554,619.614,633.038,648.254,666.189,686.046,698.976,698.647,686.352,666.032,648.825,632.625,619.537,607.421,596.763,589.189,583.079,578.588,575.777
574.142,574.911,577.363,581.659,587.588,595.982,605.116,616.596,630.023,645.865,662.756,678.875,682.021,682.021,678.875,662.756,645.865,630.023,616.596,605.116,595.982,587.588,581.659,577.363,574.911,574.142,575.163,577.875,582.44,588.659,597.297,606.962,618.195,631.915,647.99,665.647,684.606,695.391,695.757,684.968,664.982,647.893,631.94,618.434,606.88,597.691,589.24,583.266,578.929,576.442,575.647,576.652,579.357,583.925,590.153,598.817,608.504,619.778,633.543,649.678,667.434,687.694,705.423,705.423,687.694,667.434,649.678,633.543,619.778,608.504,598.817,590.153,583.925,579.357,576.652,575.647,576.442,578.929,583.266,589.24,597.691,606.88,618.434,631.94,647.893,664.982,684.968,695.757,695.391,684.606,665.647,647.99,631.915,618.195,606.962,597.297,588.659,582.44,577.875,575.163
573.445,574.24,576.665,580.928,587.056,593.847,604.329,615.562,629.023,644.833,661.794,675.817,677.713,677.713,675.817,661.794,644.833,629.023,615.562,604.329,593.847,587.056,580.928,576.665,574.24,573.445,574.521,577.235,581.796,588.221,595.319,605.991,617.744,631.53,646.805,665.124,682.634,692.104,692.256,682.959,664.279,647.098,631.153,617.598,606.296,595.747,588.906,582.727,578.42,575.959,575.138,576.199,578.907,583.474,589.915,597.03,607.738,619.526,633.37,648.726,667.166,686.435,703.317,703.317,686.435,667.166,648.726,633.37,619.526,607.738,597.03,589.915,583.474,578.907,576.199,575.138,575.959,578.42,582.727,588.906,595.747,606.296,617.598,631.153,647.098,664.279,682.959,692.256,692.104,682.634,665.124,646.805,631.53,617.744,605.991,595.319,588.221,581.796,577.235,574.521
572.748,573.514,576.02,580.074,585.824,594.294,603.082,615.199,627.849,643.576,660.79,672.397,674.465,674.465,672.397,660.79,643.576,627.849,615.199,603.082,594.294,585.824,580.074,576.02,573.514,572.748,573.825,576.645,581.026,587.094,595.882,604.76,617.376,630.838,645.87,664.125,680.958,689.328,689.653,680.86,663.665,646.077,630.212,617.461,605.257,596.405,587.869,582.064,577.965,575.422,574.63,575.692,578.508,582.897,588.984,597.805,606.714,619.385,632.908,648.021,666.424,685.743,701.549,701.549,685.743,666.424,648.021,632.908,619.385,606.714,597.805,588.984,582.897,578.508,575.692,574.63,575.422,577.965,582.064,587.869,596.405,605.257,617.461,630.212,646.077,663.665,680.86,689.653,689.328,680.958,664.125,645.87,630.838,617.376,604.76,595.882,587.094,581.026,576.645,573.825
572.051,572.756,575.174,579.256,585.223,592.247,602.119,613.442,626.924,641.954,659.447,669.406,670.151,670.151,669.406,659.447,641.954,626.924,613.442,602.119,592.247,585.223,579.256,575.174,572.756,572.051,573.096,575.86,580.294,586.634,593.885,604.209,615.783,629.542,645.315,662.856,679.543,685.505,686.004,679.184,662.924,644.694,629.506,615.914,604.498,594.546,587.461,581.439,577.309,574.853,574.121,575.152,577.915,582.359,588.719,595.997,606.37,618.002,631.831,647.701,665.411,685.307,698.758,698.758,685.307,665.411,647.701,631.831,618.002,606.37,595.997,588.719,582.359,577.915,575.152,574.121,574.853,577.309,581.439,587.461,594.546,604.498,615.914,629.506,644.694,662.924,679.184,686.004,685.505,679.543,662.856,645.315,629.542,615.783,604.209,593.885,586.634,580.294,575.86,573.096
571.354,571.958,574.316,578.522,584.422,592.407,601.303,612.693,626.221,640.702,657.26,666.549,665.283,665.283,666.549,657.26,640.702,626.221,612.693,601.303,592.407,584.422,578.522,574.316,571.958,571.354,572.327,575.057,579.569,585.942,594.296,603.534,615.286,628.537,644.476,661.353,677.407,681.282,681.802,677.643,661.343,643.679,629.02,615.367,603.889,594.919,586.859,580.898,576.641,574.244,573.613,574.572,577.302,581.828,588.228,596.623,605.902,617.709,631.04,647.097,664.164,684.154,695.566,695.566,684.154,664.164,647.097,631.04,617.709,605.902,596.623,588.228,581.828,577.302,574.572,573.613,574.244,576.641,580.898,586.859,594.919,603.889,615.367,629.02,643.679,661.343,677.643,681.802,681.282,677.407,661.353,644.476,628.537,615.286,603.534,594.296,585.942,579.569,575.057,572.327
570.558,571.143,573.498,577.59,583.153,590.102,600.172,611.896,624.635,639.777,655.021,662.778,660.132,660.132,662.778,655.021,639.777,624.635,611.896,600.172,590.102,583.153,577.59,573.498,571.143,570.558,571.538,574.297,578.808,584.854,592.419,602.718,614.519,627.469,643.375,660.529,674.331,676.714,677.305,675.274,659.708,642.994,627.667,614.8,602.965,592.8,585.784,580.157,576.012,573.617,573.005,573.973,576.733,581.261,587.336,594.933,605.294,617.169,630.204,646.233,663.601,682.146,692.01,692.01,682.146,663.601,646.233,630.204,617.169,605.294,594.933,587.336,581.261,576.733,573.973,573.005,573.617,576.012,580.157,585.784,592.8,602.965,614.8,627.667,642.994,659.708,675.274,677.305,676.714,674.331,660.529,643.375,627.469,614.519,602.718,592.419,584.854,578.808,574.297,571.538
569.664,570.326,572.701,576.723,582.42,590.361,599.251,609.938,623.174,638.529,653.062,658.269,656.225,656.225,658.269,653.062,638.529,623.174,609.938,599.251,590.361,582.42,576.723,572.701,570.326,569.664,570.749,573.559,578.024,584.183,592.53,602.031,612.816,626.594,641.906,659.386,670.957,673.332,673.587,671.968,658.599,641.991,626.423,613.047,602.25,593.273,585.244,579.482,575.405,572.988,572.299,573.372,576.187,580.671,586.861,595.261,604.814,615.668,629.546,645.001,662.965,680.111,689.175,689.175,680.111,662.965,645.001,629.546,615.668,604.814,595.261,586.861,580.671,576.187,573.372,572.299,572.988,575.405,579.482,585.244,593.273,602.25,613.047,626.423,641.991,658.599,671.968,673.587,673.332,670.957,659.386,641.906,626.594,612.816,602.031,592.53,584.183,578.024,573.559,570.749
568.769,569.439,571.698,575.647,581.51,588.065,598.293,609.183,621.845,637.029,651.029,653.905,652.337,652.337,653.905,651.029,637.029,621.845,609.183,598.293,588.065,581.51,575.647,571.698,569.439,568.769,569.891,572.611,577.029,583.36,590.395,600.89,612.543,625.931,640.427,657.714,667.978,669.363,669.999,668.593,657.521,640.736,625.318,612.5,601.495,591.16,584.532,578.597,574.591,572.289,571.593,572.703,575.428,579.867,586.236,593.311,603.876,615.606,629.102,643.756,661.902,678.466,685.869,685.869,678.466,661.902,643.756,629.102,615.606,603.876,593.311,586.236,579.867,575.428,572.703,571.593,572.289,574.591,578.597,584.532,591.16,601.495,612.5,625.318,640.736,657.521,668.593,669.999,669.363,667.978,657.714,640.427,625.931,612.543,600.89,590.395,583.36,577.029,572.611,569.891
567.875,568.539,570.755,574.661,580.062,588.173,596.801,608.014,620.344,635.13,648.652,649.971,647.33,647.33,649.971,648.652,635.13,620.344,608.014,596.801,588.173,580.062,574.661,570.755,568.539,567.875,569.021,571.724,576.125,582.016,590.597,599.57,611.33,624.459,639.587,655.705,665.098,664.619,665.303,665.65,656.098,639.085,624.049,611.558,600.208,591.484,583.276,577.802,573.837,571.578,570.887,572.023,574.732,579.157,585.086,593.731,602.763,614.62,627.863,643.157,660.502,676.923,681.797,681.797,676.923,660.502,643.157,627.863,614.62,602.763,593.731,585.086,579.157,574.732,572.023,570.887,571.578,573.837,577.802,583.276,591.484,600.208,611.558,624.049,639.085,656.098,665.65,665.303,664.619,665.098,655.705,639.587,624.459,611.33,599.57,590.597,582.016,576.125,571.724,569.021
566.98,567.576,569.868,573.651,579.304,586.015,595.487,606.029,619.417,633.334,645.524,645.907,641.952,641.952,645.907,645.524,633.334,619.417,606.029,595.487,586.015,579.304,573.651,569.868,567.576,566.98,568.087,570.892,575.199,581.386,588.521,598.575,609.561,623.048,638.548,653.613,661.31,659.521,660.243,662.667,653.938,637.535,623.34,609.771,599.098,589.508,582.711,576.983,573.14,570.803,570.18,571.277,574.091,578.424,584.653,591.837,601.973,613.05,626.665,642.358,659.03,674.564,677.356,677.356,674.564,659.03,642.358,626.665,613.05,601.973,591.837,584.653,578.424,574.091,571.277,570.18,570.803,573.14,576.983,582.711,589.508,599.098,609.771,623.34,637.535,653.938,662.667,660.243,659.521,661.31,653.613,638.548,623.048,609.561,598.575,588.521,581.386,575.199,570.892,568.087
566.086,566.586,568.77,572.638,578.294,585.819,594.07,605.454,617.994,632.133,641.952,641.038,636.88,636.88,641.038,641.952,632.133,617.994,605.454,594.07,585.819,578.294,572.638,568.77,566.586,566.086,567.125,569.853,574.214,580.477,588.522,597.285,609.18,621.793,637.168,651.746,656.843,655.043,655.428,658.649,651.675,636.585,622.146,609.414,597.885,589.528,581.899,576.162,572.232,570.002,569.474,570.505,573.243,577.633,583.943,592.057,600.889,612.887,625.635,641.224,658.132,671.301,673.153,673.153,671.301,658.132,641.224,625.635,612.887,600.889,592.057,583.943,577.633,573.243,570.505,569.474,570.002,572.232,576.162,581.899,589.528,597.885,609.414,622.146,636.585,651.675,658.649,655.428,655.043,656.843,651.746,637.168,621.793,609.18,597.285,588.522,580.477,574.214,569.853,567.125
565.144,565.578,567.704,571.626,576.71,583.394,592.62,603.822,616.008,630.48,638.573,635.872,633.108,633.108,635.872,638.573,630.48,616.008,603.822,592.62,583.394,576.71,571.626,567.704,565.578,565.144,566.142,568.842,573.344,579.097,586.555,596.228,607.557,620.39,635.505,649.549,652.511,651.436,651.937,654.125,649.601,635.404,620.392,608.005,596.642,587.283,580.505,575.341,571.354,569.182,568.72,569.712,572.423,576.956,582.755,590.271,600.038,611.485,624.463,639.805,656.903,667.966,669.845,669.845,667.966,656.903,639.805,624.463,611.485,600.038,590.271,582.755,576.956,572.423,569.712,568.72,569.182,571.354,575.341,580.505,587.283,596.642,608.005,620.392,635.404,649.601,654.125,651.937,651.436,652.511,649.549,635.505,620.39,607.557,596.228,586.555,579.097,573.344,568.842,566.142
564.058,564.56,566.682,570.371,575.87,583.317,591.706,601.781,614.494,628.354,635.214,630.915,628.315,628.315,630.915,635.214,628.354,614.494,601.781,591.706,583.317,575.87,570.371,566.682,564.56,564.058,565.151,567.87,572.163,578.276,586.273,595.348,606.107,619.5,633.62,646.888,648.567,646.678,647.424,649.814,647.544,633.871,619.099,606.164,595.935,587.424,579.86,574.276,570.521,568.352,567.822,568.908,571.641,575.967,582.132,590.21,599.367,610.232,623.789,638.164,655.209,665.023,665.387,665.387,665.023,655.209,638.164,623.789,610.232,599.367,590.21,582.132,575.967,571.641,568.908,567.822,568.352,570.521,574.276,579.86,587.424,595.935,606.164,619.099,633.871,647.544,649.814,647.424,646.678,648.567,646.888,633.62,619.5,606.107,595.348,586.273,578.276,572.163,567.87,565.151
562.972,563.506,565.639,569.225,574.7,580.962,590.54,601.101,612.693,625.937,631.374,626.282,622.795,622.795,626.282,631.374,625.937,612.693,601.101,590.54,580.962,574.7,569.225,565.639,563.506,562.972,564.124,566.883,571.092,577.182,584.079,593.992,605.471,618.149,632.408,643.685,644.461,641.403,642.181,645.926,645.134,632.049,617.534,605.707,594.973,585.246,578.886,573.32,569.667,567.485,566.924,568.07,570.845,575.089,581.236,588.195,598.217,609.822,622.67,637.202,653.1,662.017,660.407,660.407,662.017,653.1,637.202,622.67,609.822,598.217,588.195,581.236,575.089,570.845,568.07,566.924,567.485,569.667,573.32,578.886,585.246,594.973,605.707,617.534,632.049,645.134,645.926,642.181,641.403,644.461,643.685,632.408,618.149,605.471,593.992,584.079,577.182,571.092,566.883,564.124
561.886,562.409,564.409,568.024,573.024,580.693,588.959,599.088,611.193,623.245,626.511,621.576,617.074,617.074,621.576,626.511,623.245,611.193,599.088,588.959,580.693,573.024,568.024,564.409,562.409,561.886,563.055,565.704,569.969,575.607,583.873,592.73,603.505,616.237,631.06,640.195,639.598,636.043,636.71,641.708,641.937,630.056,616.266,603.91,593.597,585.198,577.399,572.309,568.625,566.576,566.026,567.19,569.856,574.158,579.852,588.211,597.16,608.071,620.986,636.209,650.936,657.997,655.312,655.312,657.997,650.936,636.209,620.986,608.071,597.16,588.211,579.852,574.158,569.856,567.19,566.026,566.576,568.625,572.309,577.399,585.198,593.597,603.91,616.266,630.056,641.937,641.708,636.71,636.043,639.598,640.195,631.06,616.237,603.505,592.73,583.873,575.607,569.969,565.704,563.055
560.799,561.285,563.237,566.791,572.157,578.455,587.557,597.415,610.008,620.986,621.999,616.344,612.487,612.487,616.344,621.999,620.986,610.008,597.415,587.557,578.455,572.157,566.791,563.237,561.285,560.799,561.958,564.585,568.813,574.852,581.75,591.562,602.069,614.777,629.047,637.072,634.467,632.041,632.397,636.76,638.489,628.741,615.31,602.438,592.396,583.135,576.727,571.267,567.641,565.64,565.128,566.282,568.926,573.194,579.295,586.264,596.195,606.836,619.746,634.795,649.137,653.508,651.595,651.595,653.508,649.137,634.795,619.746,606.836,596.195,586.264,579.295,573.194,568.926,566.282,565.128,565.64,567.641,571.267,576.727,583.135,592.396,602.438,615.31,628.741,638.489,636.76,632.397,632.041,634.467,637.072,629.047,614.777,602.069,591.562,581.75,574.852,568.813,564.585,561.958
559.713,560.098,562.134,565.663,570.811,577.865,585.693,596.406,607.754,618.554,617.541,610.854,608.259,608.259,610.854,617.541,618.554,607.754,596.406,585.693,577.865,570.811,565.663,562.134,560.098,559.713,560.799,563.533,567.758,573.597,581.307,589.818,601.185,613.055,626.824,633.467,629.509,627.656,628.423,631.563,635.006,627.254,613.3,601.66,590.737,582.766,575.578,570.329,566.728,564.642,564.23,565.312,568.066,572.333,578.238,586.045,594.656,606.182,618.263,633.171,646.854,649.197,647.478,647.478,649.197,646.854,633.171,618.263,606.182,594.656,586.045,578.238,572.333,568.066,565.312,564.23,564.642,566.728,570.329,575.578,582.766,590.737,601.66,613.3,627.254,635.006,631.563,628.423,627.656,629.509,633.467,626.824,613.055,601.185,589.818,581.307,573.597,567.758,563.533,560.799
558.627,558.888,560.772,564.251,569.025,575.379,583.75,594.054,605.724,615.444,612.936,605.526,602.689,602.689,605.526,612.936,615.444,605.724,594.054,583.75,575.379,569.025,564.251,560.772,558.888,558.627,559.622,562.242,566.475,572.035,579.263,588.345,598.922,611.597,624.277,629.204,624.84,622.272,623.116,626.636,631.625,625.089,611.504,599.52,588.998,580.454,573.98,569.107,565.554,563.619,563.332,564.325,566.965,571.241,576.866,584.177,593.388,604.126,617.033,631.224,644.162,645.282,642.369,642.369,645.282,644.162,631.224,617.033,604.126,593.388,584.177,576.866,571.241,566.965,564.325,563.332,563.619,565.554,569.107,573.98,580.454,588.998,599.52,611.504,625.089,631.625,626.636,623.116,622.272,624.84,629.204,624.277,611.597,598.922,588.345,579.263,572.035,566.475,562.242,559.622
557.305,557.652,559.5,562.922,568.001,574.89,582.521,592.387,603.879,611.786,607.909,600.771,596.686,596.686,600.771,607.909,611.786,603.879,592.387,582.521,574.89,568.001,562.922,559.5,557.652,557.305,558.4,560.997,565.161,570.985,578.556,586.955,597.784,610.429,621.843,624.412,620.098,616.505,617.407,622.064,627.795,622.715,609.897,598.062,587.973,580.186,573.152,567.968,564.469,562.571,562.197,563.291,565.909,570.12,576.014,583.693,592.204,603.197,616.096,629.728,640.913,641.014,636.907,636.907,641.014,640.913,629.728,616.096,603.197,592.204,583.693,576.014,570.12,565.909,563.291,562.197,562.571,564.469,567.968,573.152,580.186,587.973,598.062,609.897,622.715,627.795,622.064,617.407,616.505,620.098,624.412,621.843,610.429,597.784,586.955,578.556,570.985,565.161,560.997,558.4
555.983,556.374,558.241,561.511,566.598,572.479,581.163,591.123,601.74,607.812,602.356,595.757,591.115,591.115,595.757,602.356,607.812,601.74,591.123,581.163,572.479,566.598,561.511,558.241,556.374,555.983,557.147,559.782,563.819,569.646,576.305,585.403,596.445,608.26,619.603,619.836,614.882,611.458,612.027,617.306,622.876,620.039,608.023,597.031,586.825,577.948,571.945,566.747,563.398,561.479,561.063,562.224,564.884,568.969,574.873,581.617,590.861,602.091,614.17,628.448,637.325,636.073,632.062,632.062,636.073,637.325,628.448,614.17,602.091,590.861,581.617,574.873,568.969,564.884,562.224,561.063,561.479,563.398,566.747,571.945,577.948,586.825,597.031,608.023,620.039,622.876,617.306,612.027,611.458,614.882,619.836,619.603,608.26,596.445,585.403,576.305,569.646,563.819,559.782,557.147
554.661,555.057,556.904,560.093,564.666,571.747,579.442,588.533,599.878,604.044,597.192,590.132,586.839,586.839,590.132,597.192,604.044,599.878,588.533,579.442,571.747,564.666,560.093,556.904,555.057,554.661,555.854,558.497,562.468,567.809,575.594,584.132,594.006,606.261,616.668,615.693,609.4,607.407,607.993,611.947,618.345,617.562,606.737,594.647,585.311,577.44,570.199,565.519,562.25,560.349,559.928,561.12,563.789,567.81,573.225,581.131,589.798,599.855,612.402,626.469,634.168,630.874,628.261,628.261,630.874,634.168,626.469,612.402,599.855,589.798,581.131,573.225,567.81,563.789,561.12,559.928,560.349,562.25,565.519,570.199,577.44,585.311,594.647,606.737,617.562,618.345,611.947,607.993,607.407,609.4,615.693,616.668,606.261,594.006,584.132,575.594,567.809,562.468,558.497,555.854
553.339,553.695,555.416,558.727,563.564,569.438,577.875,587.148,597.531,600.198,591.773,584.183,581.626,581.626,584.183,591.773,600.198,597.531,587.148,577.875,569.438,563.564,558.727,555.416,553.695,553.339,554.517,557.053,561.167,566.801,573.442,582.706,592.832,604.45,613.286,610.796,604.043,602.131,603.023,606.385,613.934,615.229,604.974,593.482,583.947,575.303,569.294,564.343,560.948,559.175,558.793,559.971,562.534,566.701,572.415,579.152,588.577,598.9,610.832,624.262,630.632,625.917,623.237,623.237,625.917,630.632,624.262,610.832,598.9,588.577,579.152,572.415,566.701,562.534,559.971,558.793,559.175,560.948,564.343,569.294,575.303,583.947,593.482,604.974,615.229,613.934,606.385,603.023,602.131,604.043,610.796,613.286,604.45,592.832,582.706,573.442,566.801,561.167,557.053,554.517
552.017,552.305,553.981,557.216,561.951,568.422,575.876,585.386,594.562,595.48,586.512,578.726,575.496,575.496,578.726,586.512,595.48,594.562,585.386,575.876,568.422,561.951,557.216,553.981,552.305,552.017,553.152,555.664,559.724,565.265,572.528,580.833,591.075,602.37,609.387,605.51,599.244,596.208,597.202,601.081,609.286,612.164,602.604,591.957,582.154,574.511,567.875,563.02,559.701,557.973,557.659,558.794,561.334,565.449,571.076,578.464,586.909,597.374,609.012,621.68,626.317,621.286,617.634,617.634,621.286,626.317,621.68,609.012,597.374,586.909,578.464,571.076,565.449,561.334,558.794,557.659,557.973,559.701,563.02,567.875,574.511,582.154,591.957,602.604,612.164,609.286,601.081,597.202,596.208,599.244,605.51,609.387,602.37,591.075,580.833,572.528,565.265,559.724,555.664,553.152
550.695,550.854,552.617,555.622,559.918,565.891,573.573,582.636,591.734,590.424,581.195,573.874,569.396,569.396,573.874,581.195,590.424,591.734,582.636,573.573,565.891,559.918,555.622,552.617,550.854,550.695,551.723,554.35,558.298,563.478,570.405,579.08,588.645,600.506,605.444,600.016,594.216,590.39,591.239,596.465,604.242,608.653,600.706,589.416,580.054,572.15,566.028,561.615,558.527,556.709,556.524,557.554,560.21,564.215,569.476,576.513,585.36,595.146,607.73,619.047,621.454,616.506,611.962,611.962,616.506,621.454,619.047,607.73,595.146,585.36,576.513,569.476,564.215,560.21,557.554,556.524,556.709,558.527,561.615,566.028,572.15,580.054,589.416,600.706,608.653,604.242,596.465,591.239,590.39,594.216,600.016,605.444,600.506,588.645,579.08,570.405,563.478,558.298,554.35,551.723
549.18,549.377,550.979,554.014,558.72,564.889,571.861,581.198,588.664,585.379,575.24,568.511,564.112,564.112,568.511,575.24,585.379,588.664,581.198,571.861,564.889,558.72,554.014,550.979,549.377,549.18,550.264,552.745,556.644,562.21,569.193,577.065,587.568,598.182,601.758,594.644,588.612,585.761,586.194,591.344,598.693,604.669,598.576,588.211,578.548,571.373,565.027,560.197,557.076,555.419,555.195,556.282,558.794,562.751,568.407,575.527,583.552,594.301,606,616.769,616.84,611.158,607.578,607.578,611.158,616.84,616.769,606,594.301,583.552,575.527,568.407,562.751,558.794,556.282,555.195,555.419,557.076,560.197,565.027,571.373,578.548,588.211,598.576,604.669,598.693,591.344,586.194,585.761,588.612,594.644,601.758,598.182,587.568,577.065,569.193,562.21,556.644,552.745,550.264
547.6,547.857,549.429,552.416,556.956,562.46,569.994,579.025,585.661,580.113,569.303,562.323,559.559,559.559,562.323,569.303,580.113,585.661,579.025,569.994,562.46,556.956,552.416,549.429,547.857,547.6,548.762,551.232,555.101,560.498,566.919,575.02,585.321,595.252,597.294,589.357,582.655,581.011,581.861,585.531,593.415,600.737,596.516,586.274,576.891,569.114,563.457,558.789,555.712,554.083,553.802,554.966,557.468,561.4,566.891,573.425,581.713,592.285,603.671,613.984,612.566,605.586,603.057,603.057,605.586,612.566,613.984,603.671,592.285,581.713,573.425,566.891,561.4,557.468,554.966,553.802,554.083,555.712,558.789,563.457,569.114,576.891,586.274,596.516,600.737,593.415,585.531,581.861,581.011,582.655,589.357,597.294,595.252,585.321,575.02,566.919,560.498,555.101,551.232,548.762
546.02,546.291,547.906,550.798,554.867,561.241,568.137,576.347,582.41,575.066,563.973,556.219,553.52,553.52,556.219,563.973,575.066,582.41,576.347,568.137,561.241,554.867,550.798,547.906,546.291,546.02,547.217,549.745,553.537,558.499,565.686,573.606,582.836,592.43,592.325,584.22,577.173,575.07,576.04,579.552,588.102,597.017,594.552,583.81,575.245,568.122,561.554,557.36,554.377,552.704,552.408,553.608,556.17,560.026,565.08,572.419,580.511,590.008,601.789,610.689,607.803,600.24,597.342,597.342,600.24,607.803,610.689,601.789,590.008,580.511,572.419,565.08,560.026,556.17,553.608,552.408,552.704,554.377,557.36,561.554,568.122,575.245,583.81,594.552,597.017,588.102,579.552,576.04,575.07,577.173,584.22,592.325,592.43,582.836,573.606,565.686,558.499,553.537,549.745,547.217
544.441,544.686,546.235,549.119,553.473,558.864,566.384,574.936,578.171,569.761,558.694,550.812,547.122,547.122,550.812,558.694,569.761,578.171,574.936,566.384,558.864,553.473,549.119,546.235,544.686,544.441,545.632,548.118,551.914,557.18,563.502,571.971,581.584,589.374,587.334,578.674,572.285,568.868,569.833,574.367,582.857,592.472,591.605,582.646,573.707,565.917,560.359,555.872,552.893,551.284,551.014,552.21,554.731,558.594,563.96,570.407,579.088,588.999,599.689,606.812,602.522,595.581,591.34,591.34,595.581,602.522,606.812,599.689,588.999,579.088,570.407,563.96,558.594,554.731,552.21,551.014,551.284,552.893,555.872,560.359,565.917,573.707,582.646,591.605,592.472,582.857,574.367,569.833,568.868,572.285,578.674,587.334,589.374,581.584,571.971,563.502,557.18,551.914,548.118,545.632
542.861,543.036,544.484,547.398,551.617,557.357,564.151,572.067,573.948,563.775,552.809,545.692,540.965,540.965,545.692,552.809,563.775,573.948,572.067,564.151,557.357,551.617,547.398,544.484,543.036,542.861,544.002,546.402,550.252,555.368,562.059,569.893,578.943,586.363,581.938,572.544,566.913,563.166,563.906,569.469,577.478,587.446,588.669,580.215,571.684,564.637,558.698,554.338,551.328,549.822,549.621,550.768,553.203,557.122,562.344,569.191,577.22,586.586,597.629,602.731,596.916,590.443,585.873,585.873,590.443,596.916,602.731,597.629,586.586,577.22,569.191,562.344,557.122,553.203,550.768,549.621,549.822,551.328,554.338,558.698,564.637,571.684,580.215,588.669,587.446,577.478,569.469,563.906,563.166,566.913,572.544,581.938,586.363,578.943,569.893,562.059,555.368,550.252,546.402,544.002
541.281,541.35,542.768,545.482,549.331,554.818,561.837,569.006,569.347,557.782,546.39,539.708,536.206,536.206,539.708,546.39,557.782,569.347,569.006,561.837,554.818,549.331,545.482,542.768,541.35,541.281,542.334,544.711,548.424,553.368,559.89,568.001,576.783,583.096,576.927,566.652,560.73,558.699,559.356,563.848,571.562,582.448,585.715,577.715,569.58,562.269,556.595,552.61,549.798,548.322,548.227,549.287,551.7,555.483,560.529,567.196,575.536,584.645,595.671,599.069,591.542,584.633,581.622,581.622,584.633,591.542,599.069,595.671,584.645,575.536,567.196,560.529,555.483,551.7,549.287,548.227,548.322,549.798,552.61,556.595,562.269,569.58,577.715,585.715,582.448,571.562,563.848,559.356,558.699,560.73,566.652,576.927,583.096,576.783,568.001,559.89,553.368,548.424,544.711,542.334
539.566,539.62,541.09,543.688,547.848,553.29,559.771,567.069,564.54,551.748,540.535,533.322,530.672,530.672,533.322,540.535,551.748,564.54,567.069,559.771,553.29,547.848,543.688,541.09,539.62,539.566,540.616,543.074,546.64,551.772,558.163,565.667,575.134,578.851,571.634,561.416,554.632,553.006,554.026,557.559,565.582,577.068,582.555,576.37,567.727,560.969,555.312,551.005,548.309,546.779,546.698,547.756,550.253,553.89,559.134,565.696,573.414,583.251,592.738,594.789,586.199,578.641,576.141,576.141,578.641,586.199,594.789,592.738,583.251,573.414,565.696,559.134,553.89,550.253,547.756,546.698,546.779,548.309,551.005,555.312,560.969,567.727,576.37,582.555,577.068,565.582,557.559,554.026,553.006,554.632,561.416,571.634,578.851,575.134,565.667,558.163,551.772,546.64,543.074,540.616
537.716,537.862,539.17,541.808,545.793,550.832,557.256,563.393,559.789,546.299,535.005,527.292,524.108,524.108,527.292,535.005,546.299,559.789,563.393,557.256,550.832,545.793,541.808,539.17,537.862,537.716,538.871,541.18,544.803,549.763,555.851,563.093,571.851,574.609,565.896,556.096,549.217,546.607,547.63,551.737,560.172,572.099,579.436,573.589,565.429,558.684,553.449,549.314,546.576,545.206,545.033,546.196,548.545,552.242,557.318,563.557,571.05,580.517,589.796,589.888,581.014,573.44,569.919,569.919,573.44,581.014,589.888,589.796,580.517,571.05,563.557,557.318,552.242,548.545,546.196,545.033,545.206,546.576,549.314,553.449,558.684,565.429,573.589,579.436,572.099,560.172,551.737,547.63,546.607,549.217,556.096,565.896,574.609,571.851,563.093,555.851,549.763,544.803,541.18,538.871
535.867,536.024,537.322,539.961,543.512,549.093,555.039,560.329,554.355,540.394,529.267,521.789,517.654,517.654,521.789,529.267,540.394,554.355,560.329,555.039,549.093,543.512,539.961,537.322,536.024,535.867,537.048,539.358,542.998,547.566,554.068,561.239,569.329,569.999,559.801,550.054,544.04,540.348,541.386,546.442,555.061,566.838,575.642,571.445,563.43,557.173,551.356,547.659,544.914,543.551,543.368,544.557,546.91,550.629,555.309,562.001,569.41,578.572,586.86,584.795,575.611,568.48,563.876,563.876,568.48,575.611,584.795,586.86,578.572,569.41,562.001,555.309,550.629,546.91,544.557,543.368,543.551,544.914,547.659,551.356,557.173,563.43,571.445,575.642,566.838,555.061,546.442,541.386,540.348,544.04,550.054,559.801,569.999,569.329,561.239,554.068,547.566,542.998,539.358,537.048
534.017,534.156,535.505,537.996,541.856,546.663,552.926,557.482,548.684,534.056,523.123,516.085,511.817,511.817,516.085,523.123,534.056,548.684,557.482,552.926,546.663,541.856,537.996,535.505,534.156,534.017,535.195,537.569,541.082,545.968,551.865,559.226,566.928,565.143,553.574,543.595,538.039,535.146,535.753,541.092,549.145,561.062,571.298,569.643,561.546,554.92,549.902,545.883,543.285,541.869,541.704,542.89,545.309,548.903,553.914,559.974,567.62,576.87,583.68,579.485,569.394,562.841,558.883,558.883,562.841,569.394,579.485,583.68,576.87,567.62,559.974,553.914,548.903,545.309,542.89,541.704,541.869,543.285,545.883,549.902,554.92,561.546,569.643,571.298,561.062,549.145,541.092,535.753,535.146,538.039,543.595,553.574,565.143,566.928,559.226,551.865,545.968,541.082,537.569,535.195
532.167,532.249,533.495,535.939,539.633,544.638,550.473,552.829,542.96,528.032,516.854,509.861,506.933,506.933,509.861,516.854,528.032,542.96,552.829,550.473,544.638,539.633,535.939,533.495,532.249,532.167,533.303,535.592,539.067,543.758,549.872,557.012,563.037,560.325,548.107,537.796,531.668,530.116,531.053,534.934,542.731,555.016,566.884,566.259,559.321,553.126,547.873,544.014,541.461,540.148,540.039,541.184,543.518,547.077,551.897,558.21,565.63,573.901,580.517,574.356,563.463,556.546,554.045,554.045,556.546,563.463,574.356,580.517,573.901,565.63,558.21,551.897,547.077,543.518,541.184,540.039,540.148,541.461,544.014,547.873,553.126,559.321,566.259,566.884,555.016,542.731,534.934,531.053,530.116,531.668,537.796,548.107,560.325,563.037,557.012,549.872,543.758,539.067,535.592,533.303
530.317,530.296,531.459,533.85,537.194,542.064,548.115,549.047,536.851,521.575,510.643,503.492,500.435,500.435,503.492,510.643,521.575,536.851,549.047,548.115,542.064,537.194,533.85,531.459,530.296,530.317,531.363,533.579,537.028,541.612,547.626,554.88,560.378,554.852,542.245,532.176,525.64,523.614,524.837,528.756,536.858,548.846,562.092,563.758,557.191,550.731,545.621,542.113,539.61,538.382,538.374,539.431,541.691,545.226,549.939,556.143,563.721,572.187,576.711,569.138,558.192,550.718,547.831,547.831,550.718,558.192,569.138,576.711,572.187,563.721,556.143,549.939,545.226,541.691,539.431,538.374,538.382,539.61,542.113,545.621,550.731,557.191,563.758,562.092,548.846,536.858,528.756,524.837,523.614,525.64,532.176,542.245,554.852,560.378,554.88,547.626,541.612,537.028,533.579,531.363
528.396,528.306,529.444,531.727,535.38,540.002,545.693,545,531.145,515.679,504.42,497.359,493.888,493.888,497.359,504.42,515.679,531.145,545,545.693,540.002,535.38,531.727,529.444,528.306,528.396,529.381,531.585,534.936,539.672,545.384,552.332,556.879,549.13,536.015,526.185,520.098,517.207,518.341,522.817,531.258,543.458,557.374,561.227,555.111,548.902,544.008,540.178,537.78,536.577,536.638,537.634,539.883,543.322,548.2,554.131,561.397,569.868,572.335,563.553,552.832,545.378,541.485,541.485,545.378,552.832,563.553,572.335,569.868,561.397,554.131,548.2,543.322,539.883,537.634,536.638,536.577,537.78,540.178,544.008,548.902,555.111,561.227,557.374,543.458,531.258,522.817,518.341,517.207,520.098,526.185,536.015,549.13,556.879,552.332,545.384,539.672,534.936,531.585,529.381
526.263,526.272,527.438,529.683,533.043,537.523,542.484,539.469,525.008,509.867,498.864,491.475,487.318,487.318,491.475,498.864,509.867,525.008,539.469,542.484,537.523,533.043,529.683,527.438,526.272,526.263,527.352,529.6,532.926,537.373,543.042,549.545,552.149,543.344,529.847,520.287,514.344,511.003,511.959,517.282,525.648,537.687,552.205,557.316,552.467,546.607,541.866,538.325,535.964,534.727,534.688,535.79,538.088,541.503,546.095,551.971,558.833,566.42,567.874,557.448,546.894,539.979,535.476,535.476,539.979,546.894,557.448,567.874,566.42,558.833,551.971,546.095,541.503,538.088,535.79,534.688,534.727,535.964,538.325,541.866,546.607,552.467,557.316,552.205,537.687,525.648,517.282,511.959,511.003,514.344,520.287,529.847,543.344,552.149,549.545,543.042,537.373,532.926,529.6,527.352
524.129,524.189,525.232,527.465,530.576,535.231,539.469,535.177,518.439,503.412,492.841,485.59,482.06,482.06,485.59,492.841,503.412,518.439,535.177,539.469,535.231,530.576,527.465,525.232,524.189,524.129,525.279,527.411,530.746,534.985,540.684,547.144,548.696,537.188,523.465,513.878,508.12,506.102,506.871,511.431,519.574,531.441,546.617,554.67,550.034,544.551,539.589,536.298,533.944,532.827,532.739,533.9,536.085,539.513,543.897,549.844,556.673,564.279,563.056,551.293,540.446,533.8,530.749,530.749,533.8,540.446,551.293,563.056,564.279,556.673,549.844,543.897,539.513,536.085,533.9,532.739,532.827,533.944,536.298,539.589,544.551,550.034,554.67,546.617,531.441,519.574,511.431,506.871,506.102,508.12,513.878,523.465,537.188,548.696,547.144,540.684,534.985,530.746,527.411,525.279
521.995,522.046,523.073,525.233,528.548,532.724,536.065,529.56,512.195,496.96,486.086,479.329,476.333,476.333,479.329,486.086,496.96,512.195,529.56,536.065,532.724,528.548,525.233,523.073,522.046,521.995,523.147,525.273,528.548,533.001,538.426,544.166,543.827,531.392,517.399,507.539,501.757,500.103,501.347,505.341,513.281,525.362,541.012,551.046,547.552,542.234,537.767,534.258,531.971,530.868,530.789,531.951,534.132,537.507,542.117,547.773,554.271,561.066,558.259,545.617,534.577,527.618,524.962,524.962,527.618,534.577,545.617,558.259,561.066,554.271,547.773,542.117,537.507,534.132,531.951,530.789,530.868,531.971,534.258,537.767,542.234,547.552,551.046,541.012,525.362,513.281,505.341,501.347,500.103,501.757,507.539,517.399,531.392,543.827,544.166,538.426,533.001,528.548,525.273,523.147
519.861,519.867,520.938,522.898,526.017,530.171,532.565,522.957,505.409,490.321,479.413,472.782,469.597,469.597,472.782,479.413,490.321,505.409,522.957,532.565,530.171,526.017,522.898,520.938,519.867,519.861,520.978,523.159,526.244,530.454,535.89,541.324,538.492,525.175,511.321,501.43,495.594,493.467,494.69,498.97,507.089,519.008,534.845,546.355,544.975,539.923,535.432,532.112,530.024,528.875,528.839,529.967,532.205,535.392,539.765,545.471,552.008,557.374,553.017,539.837,528.956,521.639,518.414,518.414,521.639,528.956,539.837,553.017,557.374,552.008,545.471,539.765,535.392,532.205,529.967,528.839,528.875,530.024,532.112,535.432,539.923,544.975,546.355,534.845,519.008,507.089,498.97,494.69,493.467,495.594,501.43,511.321,525.175,538.492,541.324,535.89,530.454,526.244,523.159,520.978
517.727,517.637,518.584,520.551,523.394,527.544,529.194,518.082,499.037,484.319,473.404,466.275,462.873,462.873,466.275,473.404,484.319,499.037,518.082,529.194,527.544,523.394,520.551,518.584,517.637,517.727,518.756,520.826,523.932,528.109,533.55,538.32,534.163,518.546,505.21,495.671,489.661,486.853,488.126,492.808,500.867,513.052,529.109,542.926,542.797,537.491,533.005,529.955,527.854,526.83,526.889,527.931,530.056,533.27,537.614,543.323,549.851,554.839,547.382,533.788,522.997,516.057,511.968,511.968,516.057,522.997,533.788,547.382,554.839,549.851,543.323,537.614,533.27,530.056,527.931,526.889,526.83,527.854,529.955,533.005,537.491,542.797,542.926,529.109,513.052,500.867,492.808,488.126,486.853,489.661,495.671,505.21,518.546,534.163,538.32,533.55,528.109,523.932,520.826,518.756
515.593,515.355,516.242,518.279,521.28,524.888,525.377,511.473,492.975,478.111,467.77,460.443,456.516,456.516,460.443,467.77,478.111,492.975,511.473,525.377,524.888,521.28,518.279,516.242,515.355,515.593,516.479,518.499,521.688,525.885,530.743,534.799,527.763,512.229,498.596,489.656,483.761,481.06,481.92,486.977,495.281,507.084,523.326,538,540.263,535.082,531.102,527.874,525.697,524.733,524.939,525.838,527.914,531.216,535.597,540.755,547.267,550.466,541.705,527.428,517.041,510.167,506.333,506.333,510.167,517.041,527.428,541.705,550.466,547.267,540.755,535.597,531.216,527.914,525.838,524.939,524.733,525.697,527.874,531.102,535.082,540.263,538,523.326,507.084,495.281,486.977,481.92,481.06,483.761,489.656,498.596,512.229,527.763,534.799,530.743,525.885,521.688,518.499,516.479
513.162,513.055,513.923,515.802,518.548,522.362,520.78,504.899,486.075,471.464,461.273,454.569,451.436,451.436,454.569,461.273,471.464,486.075,504.899,520.78,522.362,518.548,515.802,513.923,513.055,513.162,514.181,516.195,519.243,523.186,528.343,531.087,521.643,505.377,491.88,482.736,477.501,475.879,476.977,481.25,489.381,500.975,516.686,532.789,537.097,532.761,528.569,525.589,523.566,522.618,522.692,523.726,525.796,528.961,533.095,538.556,544.646,546.058,535.47,521.259,510.726,504.064,501.298,501.298,504.064,510.726,521.259,535.47,546.058,544.646,538.556,533.095,528.961,525.796,523.726,522.692,522.618,523.566,525.589,528.569,532.761,537.097,532.789,516.686,500.975,489.381,481.25,476.977,475.879,477.501,482.736,491.88,505.377,521.643,531.087,528.343,523.186,519.243,516.195,514.181
510.732,510.695,511.585,513.369,515.932,519.408,516.066,499.324,479.559,465.083,454.415,448.074,444.891,444.891,448.074,454.415,465.083,479.559,499.324,516.066,519.408,515.932,513.369,511.585,510.695,510.732,511.828,513.874,516.84,520.643,525.405,527.237,516.485,498.906,485.714,476.211,470.938,469.204,470.522,474.908,482.715,494.464,510.47,528.459,534.02,530.158,526.154,523.35,521.419,520.442,520.445,521.555,523.666,526.751,530.75,535.861,542.096,542.5,529.641,514.977,504.402,497.663,494.723,494.723,497.663,504.402,514.977,529.641,542.5,542.096,535.861,530.75,526.751,523.666,521.555,520.445,520.442,521.419,523.35,526.154,530.158,534.02,528.459,510.47,494.464,482.715,474.908,470.522,469.204,470.938,476.211,485.714,498.906,516.485,527.237,525.405,520.643,516.84,513.874,511.828
508.301,508.293,509.068,510.754,513.507,516.464,510.654,491.599,472.907,458.236,447.945,441.092,438.16,438.16,441.092,447.945,458.236,472.907,491.599,510.654,516.464,513.507,510.754,509.068,508.293,508.301,509.434,511.37,514.251,518.252,523.052,522.568,509.274,492.749,479.397,470.27,464.395,462.54,463.914,468.258,476.006,487.839,504.07,522.071,530.289,527.761,523.945,520.929,519.091,518.223,518.197,519.344,521.35,524.353,528.571,533.715,538.77,536.98,523.757,508.892,498.233,491.46,488.192,488.192,491.46,498.233,508.892,523.757,536.98,538.77,533.715,528.571,524.353,521.35,519.344,518.197,518.223,519.091,520.929,523.945,527.761,530.289,522.071,504.07,487.839,476.006,468.258,463.914,462.54,464.395,470.27,479.397,492.749,509.274,522.568,523.052,518.252,514.251,511.37,509.434
505.87,505.809,506.576,508.19,510.654,512.867,504.873,484.85,465.771,451.716,441.65,434.675,431.245,431.245,434.675,441.65,451.716,465.771,484.85,504.873,512.867,510.654,508.19,506.576,505.809,505.87,506.959,508.894,511.711,515.364,519.809,517.836,503.323,485.774,473,464.248,458.538,455.874,457.121,461.804,469.996,481.773,497.166,516.108,526.51,524.88,521.297,518.561,516.786,515.924,515.95,517.054,519.059,522.008,525.882,530.844,535.705,532.178,517.032,502.959,492.505,485.576,481.658,481.658,485.576,492.505,502.959,517.032,532.178,535.705,530.844,525.882,522.008,519.059,517.054,515.95,515.924,516.786,518.561,521.297,524.88,526.51,516.108,497.166,481.773,469.996,461.804,457.121,455.874,458.538,464.248,473,485.774,503.323,517.836,519.809,515.364,511.711,508.894,506.959
503.439,503.303,504.1,505.648,507.827,509.499,499.411,478.682,459.604,445.529,435.443,429.064,425.644,425.644,429.064,435.443,445.529,459.604,478.682,499.411,509.499,507.827,505.648,504.1,503.303,503.439,504.461,506.432,509.142,512.804,517.022,512.876,496.966,479.167,466.371,457.625,452.647,450.678,451.629,456.314,464.386,475.591,491.276,510.968,523.05,522.413,518.682,516.216,514.498,513.605,513.703,514.742,516.784,519.633,523.529,528.615,532.409,527.206,510.72,496.347,486.487,479.815,476.579,476.579,479.815,486.487,496.347,510.72,527.206,532.409,528.615,523.529,519.633,516.784,514.742,513.703,513.605,514.498,516.216,518.682,522.413,523.05,510.968,491.276,475.591,464.386,456.314,451.629,450.678,452.647,457.625,466.371,479.167,496.966,512.876,517.022,512.804,509.142,506.432,504.461
501.008,500.715,501.373,502.959,505.297,505.399,493.154,470.663,452.928,439.032,429.102,423,419.87,419.87,423,429.102,439.032,452.928,470.663,493.154,505.399,505.297,502.959,501.373,500.715,501.008,501.874,503.736,506.532,510.183,513.141,507.31,488.925,472.437,459.647,450.824,446.138,444.514,445.976,450.373,457.933,469.223,484.831,503.85,519.105,519.407,516.38,513.725,511.956,511.201,511.456,512.339,514.273,517.218,521.129,525.479,528.82,520.42,504.235,489.762,479.585,473.439,470.546,470.546,473.439,479.585,489.762,504.235,520.42,528.82,525.479,521.129,517.218,514.273,512.339,511.456,511.201,511.956,513.725,516.38,519.407,519.105,503.85,484.831,469.223,457.933,450.373,445.976,444.514,446.138,450.824,459.647,472.437,488.925,507.31,513.141,510.183,506.532,503.736,501.874
498.347,498.112,498.724,500.299,502.211,501.727,486.776,464.47,445.721,432.241,422.574,416.016,413.183,413.183,416.016,422.574,432.241,445.721,464.47,486.776,501.727,502.211,500.299,498.724,498.112,498.347,499.276,501.086,503.902,507.132,509.923,501.683,482.808,465.224,452.906,444.544,439.14,437.844,439.312,443.7,451.269,462.742,477.836,498.063,514.531,516.998,513.509,511.266,509.496,508.784,508.979,509.926,511.809,514.786,518.285,523.178,525.229,515.069,497.247,483.341,473.179,466.762,463.912,463.912,466.762,473.179,483.341,497.247,515.069,525.229,523.178,518.285,514.786,511.809,509.926,508.979,508.784,509.496,511.266,513.509,516.998,514.531,498.063,477.836,462.742,451.269,443.7,439.312,437.844,439.14,444.544,452.906,465.224,482.808,501.683,509.923,507.132,503.902,501.086,499.276
495.61,495.484,496.083,497.389,499.374,496.949,480.193,457.451,439.2,425.276,415.631,409.093,406.246,406.246,409.093,415.631,425.276,439.2,457.451,480.193,496.949,499.374,497.389,496.083,495.484,495.61,496.652,498.459,501.019,504.363,505.505,495.52,475.792,458.936,446.436,438.096,432.711,430.934,432.458,436.696,444.735,456.05,471.574,491.719,509.833,513.701,510.896,508.555,507.048,506.343,506.426,507.488,509.373,512.098,515.735,519.891,521.293,509.083,491.231,477.153,467.148,460.263,457.096,457.096,460.263,467.148,477.153,491.231,509.083,521.293,519.891,515.735,512.098,509.373,507.488,506.426,506.343,507.048,508.555,510.896,513.701,509.833,491.719,471.574,456.05,444.735,436.696,432.458,430.934,432.711,438.096,446.436,458.936,475.792,495.52,505.505,504.363,501.019,498.459,496.652
492.872,492.772,493.381,494.544,496.594,492.509,473.016,449.284,431.947,418.742,408.912,402.972,399.631,399.631,402.972,408.912,418.742,431.947,449.284,473.016,492.509,496.594,494.544,493.381,492.772,492.872,493.95,495.772,498.201,501.612,501.984,488.721,467.928,452.161,440.257,431.672,427.057,424.765,425.921,430.662,438.47,449.475,464.531,483.839,504.34,510.888,508.353,505.915,504.543,503.816,503.874,504.969,506.883,509.48,513.215,517.657,516.526,501.865,484.678,470.943,461.187,454.707,451.015,451.015,454.707,461.187,470.943,484.678,501.865,516.526,517.657,513.215,509.48,506.883,504.969,503.874,503.816,504.543,505.915,508.353,510.888,504.34,483.839,464.531,449.475,438.47,430.662,425.921,424.765,427.057,431.672,440.257,452.161,467.928,488.721,501.984,501.612,498.201,495.772,493.95
490.135,490.008,490.511,491.645,493.148,486.713,465.58,443.114,425.041,412.235,403.079,397.31,394.339,394.339,397.31,403.079,412.235,425.041,443.114,465.58,486.713,493.148,491.645,490.511,490.008,490.135,491.197,492.912,495.326,498.287,496.87,482.022,461.834,444.882,433.277,425.384,420.958,419.42,420.808,425.09,432.326,443.15,457.817,477.864,498.341,506.956,505.3,503.222,501.866,501.239,501.321,502.402,504.213,506.808,510.102,514.066,511.619,496.326,477.603,464.155,454.6,448.707,445.859,445.859,448.707,454.6,464.155,477.603,496.326,511.619,514.066,510.102,506.808,504.213,502.402,501.321,501.239,501.866,503.222,505.3,506.956,498.341,477.864,457.817,443.15,432.326,425.09,420.808,419.42,420.958,425.384,433.277,444.882,461.834,482.022,496.87,498.287,495.326,492.912,491.197
487.397,487.178,487.651,488.755,489.759,481.48,458.308,435.658,418.709,405.578,396.794,390.738,388.038,388.038,390.738,396.794,405.578,418.709,435.658,458.308,481.48,489.759,488.755,487.651,487.178,487.397,488.375,490.062,492.406,495.488,492.495,474.721,453.999,438.25,426.236,418.604,413.952,412.859,414.404,418.803,426.003,437.025,451.727,470.907,492.644,503.714,502.481,500.544,499.197,498.596,498.768,499.768,501.553,504.095,507.534,511.346,506.245,489.144,471.223,457.652,447.792,441.997,439.208,439.208,441.997,447.792,457.652,471.223,489.144,506.245,511.346,507.534,504.095,501.553,499.768,498.768,498.596,499.197,500.544,502.481,503.714,492.644,470.907,451.727,437.025,426.003,418.803,414.404,412.859,413.952,418.604,426.236,438.25,453.999,474.721,492.495,495.488,492.406,490.062,488.375
484.66,484.292,484.813,485.842,486.104,474.789,450.808,427.99,411.399,398.977,389.805,383.765,381.174,381.174,383.765,389.805,398.977,411.399,427.99,450.808,474.789,486.104,485.842,484.813,484.292,484.66,485.493,487.242,489.572,492.104,486.379,467.574,446.328,430.916,419.613,411.779,407.043,405.974,407.581,411.696,419.551,430.186,444.608,463.249,486.15,499.277,499.739,497.848,496.555,495.897,496.215,497.072,498.926,501.473,504.716,507.143,500.464,481.501,464.088,450.802,441.512,434.966,432.376,432.376,434.966,441.512,450.802,464.088,481.501,500.464,507.143,504.716,501.473,498.926,497.072,496.215,495.897,496.555,497.848,499.739,499.277,486.15,463.249,444.608,430.186,419.551,411.696,407.581,405.974,407.043,411.779,419.613,430.916,446.328,467.574,486.379,492.104,489.572,487.242,485.493
481.758,481.368,481.72,482.687,481.818,468.895,443.173,421.692,404.411,391.892,382.858,377.153,374.187,374.187,377.153,382.858,391.892,404.411,421.692,443.173,468.895,481.818,482.687,481.72,481.368,481.758,482.574,484.164,486.447,488.194,481.249,460.251,440.057,423.915,412.895,405.289,400.903,399.102,400.633,405.136,412.733,423.257,437.796,457.265,479.904,495.747,496.509,494.912,493.656,493.163,493.5,494.341,496.039,498.558,501.514,504.04,494.887,475.56,457.271,444.249,435.162,428.889,425.556,425.556,428.889,435.162,444.249,457.271,475.56,494.887,504.04,501.514,498.558,496.039,494.341,493.5,493.163,493.656,494.912,496.509,495.747,479.904,457.265,437.796,423.257,412.733,405.136,400.633,399.102,400.903,405.289,412.895,423.915,440.057,460.251,481.249,488.194,486.447,484.164,482.574
478.691,478.43,478.701,479.561,477.694,461.125,435.762,413.469,397.508,384.971,376.453,371.17,368.331,368.331,371.17,376.453,384.971,397.508,413.469,435.762,461.125,477.694,479.561,478.701,478.43,478.691,479.641,481.165,483.352,484.475,474.166,452.848,431.789,417.447,406.425,399.196,395.173,393.691,394.807,399.204,405.969,416.728,431.113,449.52,473.206,490.625,493.67,492.009,490.838,490.419,490.624,491.601,493.238,495.68,498.732,499.265,488.553,467.782,451.035,438.181,428.721,423.222,420.186,420.186,423.222,428.721,438.181,451.035,467.782,488.553,499.265,498.732,495.68,493.238,491.601,490.624,490.419,490.838,492.009,493.67,490.625,473.206,449.52,431.113,416.728,405.969,399.204,394.807,393.691,395.173,399.196,406.425,417.447,431.789,452.848,474.166,484.475,483.352,481.165,479.641
475.624,475.437,475.696,476.326,473.11,454.579,427.866,406.022,390.075,378.483,370.457,365.036,362.776,362.776,365.036,370.457,378.483,390.075,406.022,427.866,454.579,473.11,476.326,475.696,475.437,475.624,476.655,478.176,480.149,480.26,468.31,444.957,424.774,410.053,399.565,392.713,388.552,387.666,389.234,393.325,400.165,410.203,423.849,442.051,466.225,486.28,490.686,488.997,488.041,487.619,487.747,488.807,490.454,492.693,495.767,495.815,481.932,460.761,443.819,431.292,422.439,416.866,414.154,414.154,416.866,422.439,431.292,443.819,460.761,481.932,495.815,495.767,492.693,490.454,488.807,487.747,487.619,488.041,488.997,490.686,486.28,466.225,442.051,423.849,410.203,400.165,393.325,389.234,387.666,388.552,392.713,399.565,410.053,424.774,444.957,468.31,480.26,480.149,478.176,476.655
472.557,472.348,472.554,473.049,467.818,446.118,419.872,399.467,383.495,372.086,363.699,358.468,356.068,356.068,358.468,363.699,372.086,383.495,399.467,419.872,446.118,467.818,473.049,472.554,472.348,472.557,473.577,475.05,476.9,475.392,460.192,437.272,417.923,402.978,392.661,385.431,381.598,380.854,382.523,386.568,393.935,403.833,417.424,435.88,458.809,480.191,487.137,485.949,485.111,484.724,484.871,485.922,487.535,489.667,492.293,490.408,475.182,454.304,436.906,424.424,415.694,409.737,407.354,407.354,409.737,415.694,424.424,436.906,454.304,475.182,490.408,492.293,489.667,487.535,485.922,484.871,484.724,485.111,485.949,487.137,480.191,458.809,435.88,417.424,403.833,393.935,386.568,382.523,380.854,381.598,385.431,392.661,402.978,417.923,437.272,460.192,475.392,476.9,475.05,473.577
469.49,469.185,469.303,469.821,462.359,439.201,412.051,391.15,376.571,365.157,356.983,351.737,349.178,349.178,351.737,356.983,365.157,376.571,391.15,412.051,439.201,462.359,469.821,469.303,469.185,469.49,470.424,471.808,473.698,470.838,453.695,429.082,409.355,395.958,385.644,378.787,374.986,373.905,375.63,379.848,387.004,397.119,410.702,427.764,451.419,475.112,483.698,482.96,482.07,481.757,481.994,482.963,484.5,486.694,489.419,486.101,467.778,445.946,430.095,417.631,408.846,403.148,400.414,400.414,403.148,408.846,417.631,430.095,445.946,467.778,486.101,489.419,486.694,484.5,482.963,481.994,481.757,482.07,482.96,483.698,475.112,451.419,427.764,410.702,397.119,387.004,379.848,375.63,373.905,374.986,378.787,385.644,395.958,409.355,429.082,453.695,470.838,473.698,471.808,470.424
466.424,465.942,466.063,466.076,456.289,430.125,403.839,384.215,369.124,358.054,350.401,345.254,342.441,342.441,345.254,350.401,358.054,369.124,384.215,403.839,430.125,456.289,466.076,466.063,465.942,466.424,467.185,468.574,470.354,465.389,444.852,420.831,402.408,388.441,378.74,372.623,368.941,367.484,368.887,373.376,380.153,390.257,403.391,420.951,443.665,468.113,479.925,479.791,479.041,478.709,479.118,479.918,481.474,483.583,485.925,479.682,460.341,439.13,422.723,410.977,402.426,397.125,393.999,393.999,397.125,402.426,410.977,422.723,439.13,460.341,479.682,485.925,483.583,481.474,479.918,479.118,478.709,479.041,479.791,479.925,468.113,443.665,420.951,403.391,390.257,380.153,373.376,368.887,367.484,368.941,372.623,378.74,388.441,402.408,420.831,444.852,465.389,470.354,468.574,467.185
463.263,462.687,462.808,462.027,449.379,422.896,396.172,376.982,362.237,351.362,343.657,339.001,337.099,337.099,339.001,343.657,351.362,362.237,376.982,396.172,422.896,449.379,462.027,462.808,462.687,463.263,463.938,465.353,466.642,459.184,437.991,413.144,395.147,381.742,372.458,366.205,362.723,362.137,363.5,367.344,373.713,383.391,396.63,414.185,436.049,462.345,475.453,476.613,476.008,475.655,476.151,476.869,478.468,480.398,481.818,474.64,452.949,432.345,416.159,404.533,396.324,391.14,388.618,388.618,391.14,396.324,404.533,416.159,432.345,452.949,474.64,481.818,480.398,478.468,476.869,476.151,475.655,476.008,476.613,475.453,462.345,436.049,414.185,396.63,383.391,373.713,367.344,363.5,362.137,362.723,366.205,372.458,381.742,395.147,413.144,437.991,459.184,466.642,465.353,463.938
459.82,459.379,459.297,457.574,442.468,413.117,387.999,368.694,354.798,344.537,337.315,332.962,331.009,331.009,332.962,337.315,344.537,354.798,368.694,387.999,413.117,442.468,457.574,459.297,459.379,459.82,460.638,461.869,462.563,452.999,428.522,404.933,386.927,374.692,365.491,359.345,356.158,355.661,357.366,361.061,367.747,376.643,389.362,405.802,428.559,454.331,471.313,473.323,472.718,472.557,472.917,473.777,475.198,477.135,478.065,467.291,445.437,424.039,409.289,397.652,389.847,384.344,382.11,382.11,384.344,389.847,397.652,409.289,424.039,445.437,467.291,478.065,477.135,475.198,473.777,472.917,472.557,472.718,473.323,471.313,454.331,428.559,405.802,389.362,376.643,367.747,361.061,357.366,355.661,356.158,359.345,365.491,374.692,386.927,404.933,428.522,452.999,462.563,461.869,460.638
456.377,456.05,455.83,452.775,434.712,405.644,380.199,361.668,347.759,337.901,331.087,326.574,324.256,324.256,326.574,331.087,337.901,347.759,361.668,380.199,405.644,434.712,452.775,455.83,456.05,456.377,457.316,458.425,458.139,445.935,421.32,397.177,380.18,367.178,358.318,352.561,349.435,348.8,350.567,354.644,361.06,370.455,382.42,399.028,420.67,447.931,466.565,469.989,469.48,469.446,469.682,470.671,471.978,473.827,473.669,461.522,437.609,417.554,401.88,390.935,382.617,377.603,375.217,375.217,377.603,382.617,390.935,401.88,417.554,437.609,461.522,473.669,473.827,471.978,470.671,469.682,469.446,469.48,469.989,466.565,447.931,420.67,399.028,382.42,370.455,361.06,354.644,350.567,348.8,349.435,352.561,358.318,367.178,380.18,397.177,421.32,445.935,458.139,458.425,457.316
452.934,452.626,452.364,447.627,426.222,395.532,371.931,354.096,341.098,331.401,324.555,319.876,317.32,317.32,319.876,324.555,331.401,341.098,354.096,371.931,395.532,426.222,447.627,452.364,452.626,452.934,453.903,454.978,453.365,438.151,411.206,389.006,372.079,360.184,351.573,346.013,342.902,341.843,343.583,347.915,354.356,363.593,375.85,391.882,412.967,439.218,461.226,466.612,466.253,466.24,466.448,467.473,468.764,470.473,468.702,453.158,430.014,409.883,394.984,383.837,375.908,371.051,368.225,368.225,371.051,375.908,383.837,394.984,409.883,430.014,453.158,468.702,470.473,468.764,467.473,466.448,466.24,466.253,466.612,461.226,439.218,412.967,391.882,375.85,363.593,354.356,347.915,343.583,341.843,342.902,346.013,351.573,360.184,372.079,389.006,411.206,438.151,453.365,454.978,453.903
449.491,449.07,448.727,442.085,417.879,388.037,364.055,346.192,333.661,324.274,317.507,313.129,311.108,311.108,313.129,317.507,324.274,333.661,346.192,364.055,388.037,417.879,442.085,448.727,449.07,449.491,450.359,451.358,448.198,430.339,403.69,380.83,364.065,352.655,344.48,339.34,336.556,336.095,337.414,341.351,347.722,356.495,368.547,383.862,405.173,432.474,455.751,463.154,462.861,462.901,463.213,464.143,465.383,467.039,464.099,446.75,421.93,401.762,387.597,376.784,369.661,364.9,362.531,362.531,364.9,369.661,376.784,387.597,401.762,421.93,446.75,464.099,467.039,465.383,464.143,463.213,462.901,462.861,463.154,455.751,432.474,405.173,383.862,368.547,356.495,347.722,341.351,337.414,336.095,336.556,339.34,344.48,352.655,364.065,380.83,403.69,430.339,448.198,451.358,450.359
446.048,445.429,445.064,435.821,408.933,377.724,355.51,339.28,326.605,317.369,310.861,307.225,305.975,305.975,307.225,310.861,317.369,326.605,339.28,355.51,377.724,408.933,435.821,445.064,445.429,446.048,446.724,447.71,442.683,421.669,393.268,372.218,357.123,345.523,337.943,333.035,330.479,330.449,332.084,335.148,341.093,349.854,361.538,377.27,396.932,423.159,449.551,459.291,459.447,459.478,459.979,460.724,461.979,463.581,458.516,437.68,413.632,395.147,380.522,370.523,363.385,358.536,356.699,356.699,358.536,363.385,370.523,380.522,395.147,413.632,437.68,458.516,463.581,461.979,460.724,459.979,459.478,459.447,459.291,449.551,423.159,396.932,377.27,361.538,349.854,341.093,335.148,332.084,330.449,330.479,333.035,337.943,345.523,357.123,372.218,393.268,421.669,442.683,447.71,446.724
442.605,441.75,441.089,428.868,399.442,370.222,347.373,331.209,319.433,310.55,304.98,301.389,299.492,299.492,301.389,304.98,310.55,319.433,331.209,347.373,370.222,399.442,428.868,441.089,441.75,442.605,443.055,444.035,436.339,412.512,385.743,364.028,348.963,338.723,331.205,326.6,324.083,323.73,325.513,329.244,334.697,342.903,354.409,369.298,389.1,416.087,442.589,455.113,456.013,456.029,456.744,457.281,458.563,459.669,452.237,430.942,405.755,387.095,373.775,363.664,356.447,352.082,349.904,349.904,352.082,356.447,363.664,373.775,387.095,405.755,430.942,452.237,459.669,458.563,457.281,456.744,456.029,456.013,455.113,442.589,416.087,389.1,369.298,354.409,342.903,334.697,329.244,325.513,323.73,324.083,326.6,331.205,338.723,348.963,364.028,385.743,412.512,436.339,444.035,443.055
438.705,438.032,436.549,421.278,390.193,359.706,339.134,323.361,312.002,304.217,298.696,294.949,292.701,292.701,294.949,298.696,304.217,312.002,323.361,339.134,359.706,390.193,421.278,436.549,438.032,438.705,439.353,439.864,429.451,403.607,375.166,355.713,341.307,331.211,324.305,319.734,317.344,316.793,318.631,322.731,328.463,336.431,347.065,361.463,380.891,406.148,435.642,450.62,452.501,452.556,453.096,453.819,455.075,455.535,445.987,421.296,397.48,379.461,366.361,356.634,349.639,345.282,342.89,342.89,345.282,349.639,356.634,366.361,379.461,397.48,421.296,445.987,455.535,455.075,453.819,453.096,452.556,452.501,450.62,435.642,406.148,380.891,361.463,347.065,336.431,328.463,322.731,318.631,316.793,317.344,319.734,324.305,331.211,341.307,355.713,375.166,403.607,429.451,439.864,439.353
434.804,434.263,431.325,412.97,380.266,352.145,330.693,316.161,305.406,297.561,291.766,287.908,285.889,285.889,287.908,291.766,297.561,305.406,316.161,330.693,352.145,380.266,412.97,431.325,434.263,434.804,435.597,435.007,421.842,393.992,367.565,347.362,334.046,324.066,317.247,312.702,310.514,310.155,311.8,315.834,321.934,329.825,340.459,354.651,372.984,398.783,427.857,445.73,448.734,449.047,449.448,450.32,451.327,451.004,438.869,414.149,389.672,372.596,359.215,349.636,343.019,338.607,336.243,336.243,338.607,343.019,349.636,359.215,372.596,389.672,414.149,438.869,451.004,451.327,450.32,449.448,449.047,448.734,445.73,427.857,398.783,372.984,354.651,340.459,329.825,321.934,315.834,311.8,310.155,310.514,312.702,317.247,324.066,334.046,347.362,367.565,393.992,421.842,435.007,435.597
430.904,430.442,425.669,404.004,369.855,341.414,322.743,308.388,298.256,290.486,285.031,281.558,280.651,280.651,281.558,285.031,290.486,298.256,308.388,322.743,341.414,369.855,404.004,425.669,430.442,430.904,431.787,429.718,413.576,383.904,356.826,339.307,325.834,316.779,310.058,306.294,304.535,304.953,306.358,309.127,314.849,322.907,333.298,346.642,364.858,388.532,419.324,440.513,444.988,445.494,445.8,446.773,447.597,446.145,431.016,403.905,381.45,364.156,351.926,342.614,336.274,332.284,330.847,330.847,332.284,336.274,342.614,351.926,364.156,381.45,403.905,431.016,446.145,447.597,446.773,445.8,445.494,444.988,440.513,419.324,388.532,364.858,346.642,333.298,322.907,314.849,309.127,306.358,304.953,304.535,306.294,310.058,316.779,325.834,339.307,356.826,383.904,413.576,429.718,431.787
427.003,426.444,419.517,394.301,359.821,333.812,314.432,300.77,290.882,283.887,278.783,276.033,274.914,274.914,276.033,278.783,283.887,290.882,300.77,314.432,333.812,359.821,394.301,419.517,426.444,427.003,427.8,423.932,404.575,374.014,349.112,330.752,318.114,309.27,303.773,300.394,298.633,298.722,300.495,303.493,308.171,315.948,325.958,339.134,357.076,381.147,410.959,434.892,441.262,441.752,442.152,443.037,443.886,440.883,423.151,396.425,373.432,356.556,344.461,335.982,329.956,326.282,324.5,324.5,326.282,329.956,335.982,344.461,356.556,373.432,396.425,423.151,440.883,443.886,443.037,442.152,441.752,441.262,434.892,410.959,381.147,357.076,339.134,325.958,315.948,308.171,303.493,300.495,298.722,298.633,300.394,303.773,309.27,318.114,330.752,349.112,374.014,404.575,423.932,427.8
423.103,422.328,412.678,383.842,349.278,323.033,306.166,293.312,284.035,276.881,272.697,270.135,268.295,268.295,270.135,272.697,276.881,284.035,293.312,306.166,323.033,349.278,383.842,412.678,422.328,423.103,423.695,417.46,394.744,363.391,338.226,322.398,310.589,302.552,297.06,293.728,292.128,291.909,293.743,297.482,302.251,308.85,319.034,331.974,348.671,370.745,401.912,428.501,437.364,437.887,438.504,439.178,440.002,435.123,414.378,385.928,364.949,349.338,337.676,329.189,323.465,319.672,317.564,317.564,319.672,323.465,329.189,337.676,349.338,364.949,385.928,414.378,435.123,440.002,439.178,438.504,437.887,437.364,428.501,401.912,370.745,348.671,331.974,319.034,308.85,302.251,297.482,293.743,291.909,292.128,293.728,297.06,302.552,310.589,322.398,338.226,363.391,394.744,417.46,423.695
419.202,418.167,405.134,373.032,338.603,315.344,297.797,285.497,276.467,270.345,266.112,263.274,261.505,261.505,263.274,266.112,270.345,276.467,285.497,297.797,315.344,338.603,373.032,405.134,418.167,419.202,419.548,410.483,384.227,352.671,330.474,313.947,302.644,295.282,289.932,286.533,285.003,284.955,286.817,290.722,295.917,302.606,311.393,323.875,340.567,363.29,392.427,421.547,433.247,433.982,434.856,435.285,436.103,428.8,405.203,378.422,356.772,341.12,330.346,322.361,316.53,312.66,310.484,310.484,312.66,316.53,322.361,330.346,341.12,356.772,378.422,405.203,428.8,436.103,435.285,434.856,433.982,433.247,421.547,392.427,363.29,340.567,323.875,311.393,302.606,295.917,290.722,286.817,284.955,285.003,286.533,289.932,295.282,302.644,313.947,330.474,352.671,384.227,410.483,419.548
414.885,413.338,396.612,361.687,328.363,304.504,289.198,277.722,269.586,264.184,259.78,256.569,255.23,255.23,256.569,259.78,264.184,269.586,277.722,289.198,304.504,328.363,361.687,396.612,413.338,414.885,415.066,402.655,373.211,342.387,319.546,305.232,295.171,287.831,283.215,280.012,278.565,279.048,280.378,283.605,288.967,295.938,304.486,316.257,332.037,352.711,383.178,413.872,428.637,430.015,430.802,431.333,431.841,421.799,396.268,367.767,348.137,333.816,322.879,315.146,309.4,305.819,304.422,304.422,305.819,309.4,315.146,322.879,333.816,348.137,367.767,396.268,421.799,431.841,431.333,430.802,430.015,428.637,413.872,383.178,352.711,332.037,316.257,304.486,295.938,288.967,283.605,280.378,279.048,278.565,280.012,283.215,287.831,295.171,305.232,319.546,342.387,373.211,402.655,415.066
410.429,407.566,386.895,350.008,317.565,296.683,280.821,270.376,262.995,257.176,253.236,250.578,250.336,250.336,250.578,253.236,257.176,262.995,270.376,280.821,296.683,317.565,350.008,386.895,407.566,410.429,409.654,393.635,361.852,331.518,311.645,296.98,287.417,280.867,276.059,273.749,272.909,273.7,275.317,277.455,282.096,288.78,297.748,308.824,323.603,345.128,373.183,405.615,423.413,425.997,426.613,427.327,426.969,414.213,386.557,360.115,339.84,325.986,315.777,307.851,302.821,300.015,298.915,298.915,300.015,302.821,307.851,315.777,325.986,339.84,360.115,386.557,414.213,426.969,427.327,426.613,425.997,423.413,405.615,373.183,345.128,323.603,308.824,297.748,288.78,282.096,277.455,275.317,273.7,272.909,273.749,276.059,280.867,287.417,296.98,311.645,331.518,361.852,393.635,409.654
405.973,400.713,376.023,337.945,306.753,285.817,272.517,262.68,255.478,250.406,246.594,245.142,244.067,244.067,245.142,246.594,250.406,255.478,262.68,272.517,285.817,306.753,337.945,376.023,400.713,405.973,403.157,383.457,350.103,320.641,300.762,288.378,279.4,273.194,269.44,267.406,266.878,267.07,268.873,271.861,275.707,282.089,290.095,300.944,315.582,334.395,362.805,396.584,417.539,421.899,422.423,423.235,421.444,405.851,376.475,349.378,331.531,317.796,307.979,301.323,296.743,293.833,292.117,292.117,293.833,296.743,301.323,307.979,317.796,331.531,349.378,376.475,405.851,421.444,423.235,422.423,421.899,417.539,396.584,362.805,334.395,315.582,300.944,290.095,282.089,275.707,271.861,268.873,267.07,266.878,267.406,269.44,273.194,279.4,288.378,300.762,320.641,350.103,383.457,403.157
401.517,392.759,364.192,325.445,296.227,277.963,264.43,255.056,248.608,243.503,240.553,238.786,237.426,237.426,238.786,240.553,243.503,248.608,255.056,264.43,277.963,296.227,325.445,364.192,392.759,401.517,395.556,372.324,337.91,310.044,292.709,280.093,271.664,266.19,262.812,260.808,259.894,260.193,262.049,265.565,269.55,274.935,283.13,293.524,307.137,326.77,352.701,386.837,411.228,417.691,418.234,419.025,415.484,396.767,366.486,341.566,322.901,310.275,300.892,294.454,290.036,286.915,285.066,285.066,286.915,290.036,294.454,300.892,310.275,322.901,341.566,366.486,396.767,415.484,419.025,418.234,417.691,411.228,386.837,352.701,326.77,307.137,293.524,283.13,274.935,269.55,265.565,262.049,260.193,259.894,260.808,262.812,266.19,271.664,280.093,292.709,310.044,337.91,372.324,395.556
397.061,383.56,351.279,312.552,285.267,267.178,255.962,247.801,241.59,237.234,234.529,232.162,230.541,230.541,232.162,234.529,237.234,241.59,247.801,255.962,267.178,285.267,312.552,351.279,383.56,397.061,386.719,360.109,325.263,298.976,281.808,271.502,264.281,259.455,256.143,254.148,253.088,253.326,254.995,258.471,262.85,268.322,275.887,285.808,299.051,315.97,342.121,376.398,404.395,413.334,414.044,414.671,409,386.936,355.819,330.665,314.705,302.444,293.944,287.45,282.706,279.647,278.036,278.036,279.647,282.706,287.45,293.944,302.444,314.705,330.665,355.819,386.936,409,414.671,414.044,413.334,404.395,376.398,342.121,315.97,299.051,285.808,275.887,268.322,262.85,258.471,254.995,253.326,253.088,254.148,256.143,259.455,264.281,271.502,281.808,298.976,325.263,360.109,386.719
392.605,373.14,337.121,299.497,274.314,259.167,248.01,239.911,234.153,230.839,228.144,225.759,225.389,225.389,225.759,228.144,230.839,234.153,239.911,248.01,259.167,274.314,299.497,337.121,373.14,392.605,376.67,346.574,312.147,287.932,273.688,263.428,256.36,251.83,249.126,247.488,246.941,248.228,249.593,251.859,256.347,261.767,268.249,277.794,290.625,308.16,331.439,365.485,396.679,408.885,409.855,410.23,401.779,376.319,345.066,322.759,306.171,294.413,286.128,280.281,275.934,273.299,272.696,272.696,273.299,275.934,280.281,286.128,294.413,306.171,322.759,345.066,376.319,401.779,410.23,409.855,408.885,396.679,365.485,331.439,308.16,290.625,277.794,268.249,261.767,256.347,251.859,249.593,248.228,246.941,247.488,249.126,251.83,256.36,263.428,273.688,287.932,312.147,346.574,376.67
381.362,361.099,322.426,286.399,263.76,248.554,239.357,232.108,227.761,223.981,221.163,219.993,219.927,219.927,219.993,221.163,223.981,227.761,232.108,239.357,248.554,263.76,286.399,322.426,361.099,381.362,365.24,332.183,298.984,277.285,262.951,254.629,248.68,244.834,242.002,240.738,241.296,242.169,243.915,245.88,249.598,254.948,261.693,270.063,282.084,297.372,321.149,354.242,388.109,403.972,405.339,405.573,393.852,365.373,334.702,311.863,297.499,286.817,278.979,273.204,269.427,267.449,266.427,266.427,267.449,269.427,273.204,278.979,286.817,297.499,311.863,334.702,365.373,393.852,405.573,405.339,403.972,388.109,354.242,321.149,297.372,282.084,270.063,261.693,254.948,249.598,245.88,243.915,242.169,241.296,240.738,242.002,244.834,248.68,254.629,262.951,277.285,298.984,332.183,365.24
363.33,346.92,307.115,273.147,252.706,240.412,230.884,225.23,220.796,217.521,214.871,214.086,213.471,213.471,214.086,214.871,217.521,220.796,225.23,230.884,240.412,252.706,273.147,307.115,346.92,363.33,351.75,317.179,285.656,266.114,254.679,246.305,241.198,237.683,235.537,234.697,234.745,235.434,237.233,239.985,242.814,247.924,254.427,262.667,273.326,289.39,310.273,342.556,378.563,398.039,400.498,399.985,384.964,353.974,323.728,303.767,288.905,278.83,271.537,266.183,262.902,260.914,259.469,259.469,260.914,262.902,266.183,271.537,278.83,288.905,303.767,323.728,353.974,384.964,399.985,400.498,398.039,378.563,342.556,310.273,289.39,273.326,262.667,254.427,247.924,242.814,239.985,237.233,235.434,234.745,234.697,235.537,237.683,241.198,246.305,254.679,266.114,285.656,317.179,351.75
345.299,330.69,291.114,259.92,241.838,229.935,222.824,217.341,213.437,210.646,209.142,207.91,206.623,206.623,207.91,209.142,210.646,213.437,217.341,222.824,229.935,241.838,259.92,291.114,330.69,345.299,336.197,301.476,272.341,255.132,244.166,237.758,233.118,230.126,228.89,228.432,227.984,228.302,230.294,233.286,236.488,240.76,246.8,254.702,265.028,278.565,299.499,330.519,367.846,391.103,395.657,393.388,374.906,342.217,312.861,292.925,280.135,270.686,263.722,259.259,256.044,253.633,252.252,252.252,253.633,256.044,259.259,263.722,270.686,280.135,292.925,312.861,342.217,374.906,393.388,395.657,391.103,367.846,330.519,299.499,278.565,265.028,254.702,246.8,240.76,236.488,233.286,230.294,228.302,227.984,228.432,228.89,230.126,233.118,237.758,244.166,255.132,272.341,301.476,336.197
327.268,312.372,274.472,246.7,231.218,221.756,214.527,209.985,206.835,204.05,202.993,201.487,200.418,200.418,201.487,202.993,204.05,206.835,209.985,214.527,221.756,231.218,246.7,274.472,312.372,327.268,318.544,285.123,259.019,244.387,235.715,229.3,225.625,223.583,222.106,221.623,221.431,222.316,223.668,226.604,230.331,234.253,239.961,247.004,256.646,270.491,288.929,317.995,356.039,383.092,390.816,385.709,363.755,329.961,302.188,284.597,271.607,262.864,256.953,252.571,249.231,246.827,245.85,245.85,246.827,249.231,252.571,256.953,262.864,271.607,284.597,302.188,329.961,363.755,385.709,390.816,383.092,356.039,317.995,288.929,270.491,256.646,247.004,239.961,234.253,230.331,226.604,223.668,222.316,221.431,221.623,222.106,223.583,225.625,229.3,235.715,244.387,259.019,285.123,318.544
309.237,292.151,257.361,233.494,220.259,211.583,206.602,202.859,199.554,198.01,196.315,195.297,195.607,195.607,195.297,196.315,198.01,199.554,202.859,206.602,211.583,220.259,233.494,257.361,292.151,309.237,298.986,268.294,245.703,233.271,225.391,221.214,218.307,216.504,215.425,214.585,215.454,217.092,218.598,220.15,223.747,227.57,232.306,239.449,248.124,259.793,277.912,305.085,343.269,374.079,385.975,377.03,351.641,317.313,291.037,273.767,262.94,255.129,249.51,245.25,242.293,240.591,240.369,240.369,240.591,242.293,245.25,249.51,255.129,262.94,273.767,291.037,317.313,351.641,377.03,385.975,374.079,343.269,305.085,277.912,259.793,248.124,239.449,232.306,227.57,223.747,220.15,218.598,217.092,215.454,214.585,215.425,216.504,218.307,221.214,225.391,233.271,245.703,268.294,298.986
291.206,269.848,239.758,220.341,209.507,203.298,198.41,194.738,192.742,191.45,189.89,189.264,189.626,189.626,189.264,189.89,191.45,192.742,194.738,198.41,203.298,209.507,220.341,239.758,269.848,291.206,277.349,250.954,232.42,222.379,216.946,212.855,210.271,209.049,208.449,208.35,209.326,210.639,212.353,214.065,216.544,220.655,225.165,231.3,240.047,251.553,267.003,292.147,329.432,363.86,381.133,367.155,338.448,304.284,280.013,265.387,254.711,247.078,241.732,237.926,235.285,234.416,233.654,233.654,234.416,235.285,237.926,241.732,247.078,254.711,265.387,280.013,304.284,338.448,367.155,381.133,363.86,329.432,292.147,267.003,251.553,240.047,231.3,225.165,220.655,216.544,214.065,212.353,210.639,209.326,208.35,208.449,209.049,210.271,212.855,216.946,222.379,232.42,250.954,277.349
270.172,245.942,221.978,207.168,199.095,193.513,190.605,187.931,186.441,184.876,183.852,183.6,183.136,183.136,183.6,183.852,184.876,186.441,187.931,190.605,193.513,199.095,207.168,221.978,245.942,270.172,253.798,233.073,219.117,211.822,207,204.873,203.266,202.336,201.722,202.521,202.988,203.83,205.606,207.843,210.018,213.948,218.563,223.786,231.413,241.068,256.385,279.045,314.767,352.257,373.071,356.054,324.067,291.091,269.275,254.76,245.916,239.377,234.726,231.073,228.973,227.52,226.592,226.592,227.52,228.973,231.073,234.726,239.377,245.916,254.76,269.275,291.091,324.067,356.054,373.071,352.257,314.767,279.045,256.385,241.068,231.413,223.786,218.563,213.948,210.018,207.843,205.606,203.83,202.988,202.521,201.722,202.336,203.266,204.873,207,211.822,219.117,233.073,253.798
240.131,221.79,204.389,194.141,188.4,185.112,182.238,180.899,179.307,178.166,177.788,177.588,176.363,176.363,177.588,177.788,178.166,179.307,180.899,182.238,185.112,188.4,194.141,204.389,221.79,240.131,229.588,215.37,205.951,200.964,198.424,196.628,195.735,194.99,195.205,195.946,196.444,196.924,198.509,201.533,204.028,206.867,210.992,216.384,222.958,232.65,245.356,265.986,299.673,338.632,355.346,343.087,309.249,277.931,258.11,246.187,237.599,231.486,226.951,224.191,222.477,220.68,219.364,219.364,220.68,222.477,224.191,226.951,231.486,237.599,246.187,258.11,277.931,309.249,343.087,355.346,338.632,299.673,265.986,245.356,232.65,222.958,216.384,210.992,206.867,204.028,201.533,198.509,196.924,196.444,195.946,195.205,194.99,195.735,196.628,198.424,200.964,205.951,215.37,229.588
210.089,197.642,186.953,181.2,178.06,175.677,174.546,172.969,172.597,171.954,171.772,171.343,171.138,171.138,171.343,171.772,171.954,172.597,172.969,174.546,175.677,178.06,181.2,186.953,197.642,210.089,205.365,197.808,192.86,190.465,188.938,188.413,187.614,188.106,189.016,189.257,190.125,191.756,192.979,194.984,197.755,200.119,203.899,208.299,214.608,222.347,234.59,252.893,284.069,322.973,337.621,328.078,293.913,264.725,247.212,235.854,228.741,223.219,219.691,217.471,215.532,214.06,213.894,213.894,214.06,215.532,217.471,219.691,223.219,228.741,235.854,247.212,264.725,293.913,328.078,337.621,322.973,284.069,252.893,234.59,222.347,214.608,208.299,203.899,200.119,197.755,194.984,192.979,191.756,190.125,189.257,189.016,188.106,187.614,188.413,188.938,190.465,192.86,197.808,205.365
180.048,173.718,169.707,168.53,167.931,167.347,166.563,166.676,166.033,165.835,165.806,165.001,166.077,166.077,165.001,165.806,165.835,166.033,166.676,166.563,167.347,167.931,168.53,169.707,173.718,180.048,181.35,180.425,180.033,180.168,180.281,180.237,181.151,181.742,182.246,182.868,183.959,186.021,187.628,188.538,190.975,193.639,196.978,201.274,206.213,213.947,223.988,239.859,267.859,305.424,319.896,311.173,277.965,251.573,236.468,227.146,220.165,216.034,212.98,210.343,208.33,207.794,207.868,207.868,207.794,208.33,210.343,212.98,216.034,220.165,227.146,236.468,251.573,277.965,311.173,319.896,305.424,267.859,239.859,223.988,213.947,206.213,201.274,196.978,193.639,190.975,188.538,187.628,186.021,183.959,182.868,182.246,181.742,181.151,180.237,180.281,180.168,180.033,180.425,181.35
150.007,150.225,152.724,156.167,157.666,158.426,159.015,159.354,159.168,159.576,159.445,159.494,159.95,159.95,159.494,159.445,159.576,159.168,159.354,159.015,158.426,157.666,156.167,152.724,150.225,150.007,157.754,163.292,167.508,169.71,171.186,172.509,173.627,174.611,175.444,176.669,178.177,179.562,181.205,182.455,184.34,187.311,189.631,193.676,198.231,204.03,213.115,226.866,251.143,286.022,302.171,292.413,261.503,238.457,225.43,217.073,212.015,208.243,205.37,203.475,201.859,201.436,201.113,201.113,201.436,201.859,203.475,205.37,208.243,212.015,217.073,225.43,238.457,261.503,292.413,302.171,286.022,251.143,226.866,213.115,204.03,198.231,193.676,189.631,187.311,184.34,182.455,181.205,179.562,178.177,176.669,175.444,174.611,173.627,172.509,171.186,169.71,167.508,163.292,157.754
119.966,127.267,136.12,143.964,147.774,150.097,151.552,151.786,153.093,153.525,153.217,154.102,153.405,153.405,154.102,153.217,153.525,153.093,151.786,151.552,150.097,147.774,143.964,136.12,127.267,119.966,134.685,146.528,155.127,159.645,162.67,164.857,166.253,167.909,169.172,170.623,172.105,172.682,174.351,176.744,178.192,180.546,183.136,185.566,190.029,195.537,202.548,213.879,234.051,264.837,284.446,271.869,244.661,225.332,214.716,208.411,203.635,200.337,198.252,196.491,195.9,195.043,193.924,193.924,195.043,195.9,196.491,198.252,200.337,203.635,208.411,214.716,225.332,244.661,271.869,284.446,264.837,234.051,213.879,202.548,195.537,190.029,185.566,183.136,180.546,178.192,176.744,174.351,172.682,172.105,170.623,169.172,167.909,166.253,164.857,162.67,159.645,155.127,146.528,134.685
